Tweets Ago,compound,date,neg,neu,pos,time,user
1,0.6249,2018-03-03,0.0,0.745,0.255,Sat Mar 03 21:21:40 +0000 2018,@BBC
2,0.296,2018-03-03,0.0,0.833,0.167,Sat Mar 03 19:36:06 +0000 2018,@BBC
3,0.1695,2018-03-03,0.11,0.72,0.17,Sat Mar 03 19:00:05 +0000 2018,@BBC
4,-0.7717,2018-03-03,0.271,0.729,0.0,Sat Mar 03 18:00:16 +0000 2018,@BBC
5,0.0,2018-03-03,0.0,1.0,0.0,Sat Mar 03 17:58:00 +0000 2018,@BBC
6,0.0,2018-03-03,0.0,1.0,0.0,Sat Mar 03 17:57:56 +0000 2018,@BBC
7,-0.6705,2018-03-03,0.256,0.744,0.0,Sat Mar 03 17:46:46 +0000 2018,@BBC
8,0.0,2018-03-03,0.0,1.0,0.0,Sat Mar 03 17:00:03 +0000 2018,@BBC
9,0.0,2018-03-03,0.0,1.0,0.0,Sat Mar 03 16:00:08 +0000 2018,@BBC
10,0.0,2018-03-03,0.0,1.0,0.0,Sat Mar 03 15:26:56 +0000 2018,@BBC
11,0.4754,2018-03-03,0.0,0.877,0.123,Sat Mar 03 15:26:39 +0000 2018,@BBC
12,0.0,2018-03-03,0.0,1.0,0.0,Sat Mar 03 15:07:50 +0000 2018,@BBC
13,-0.4404,2018-03-03,0.2,0.709,0.091,Sat Mar 03 15:07:40 +0000 2018,@BBC
14,-0.296,2018-03-03,0.115,0.885,0.0,Sat Mar 03 15:00:07 +0000 2018,@BBC
15,-0.5514,2018-03-03,0.229,0.771,0.0,Sat Mar 03 13:30:04 +0000 2018,@BBC
16,0.0,2018-03-03,0.0,1.0,0.0,Sat Mar 03 12:30:30 +0000 2018,@BBC
17,-0.296,2018-03-03,0.355,0.645,0.0,Sat Mar 03 12:00:04 +0000 2018,@BBC
18,-0.3612,2018-03-03,0.143,0.857,0.0,Sat Mar 03 11:29:49 +0000 2018,@BBC
19,0.6114,2018-03-03,0.0,0.778,0.222,Sat Mar 03 11:18:14 +0000 2018,@BBC
20,-0.3612,2018-03-03,0.134,0.791,0.075,Sat Mar 03 11:00:11 +0000 2018,@BBC
21,0.5719,2018-03-03,0.0,0.844,0.156,Sat Mar 03 10:42:24 +0000 2018,@BBC
22,0.0,2018-03-03,0.0,1.0,0.0,Sat Mar 03 10:41:48 +0000 2018,@BBC
23,0.7569,2018-03-03,0.0,0.728,0.272,Sat Mar 03 10:00:04 +0000 2018,@BBC
24,0.0,2018-03-03,0.0,1.0,0.0,Sat Mar 03 09:39:33 +0000 2018,@BBC
25,0.0,2018-03-03,0.0,1.0,0.0,Sat Mar 03 09:39:27 +0000 2018,@BBC
26,0.2732,2018-03-03,0.0,0.896,0.104,Sat Mar 03 09:00:07 +0000 2018,@BBC
27,-0.4767,2018-03-02,0.193,0.807,0.0,Fri Mar 02 20:35:03 +0000 2018,@BBC
28,0.4588,2018-03-02,0.0,0.833,0.167,Fri Mar 02 19:00:09 +0000 2018,@BBC
29,0.0,2018-03-02,0.0,1.0,0.0,Fri Mar 02 18:00:11 +0000 2018,@BBC
30,0.0,2018-03-02,0.0,1.0,0.0,Fri Mar 02 17:30:03 +0000 2018,@BBC
31,0.9184,2018-03-02,0.0,0.546,0.454,Fri Mar 02 15:43:22 +0000 2018,@BBC
32,0.0,2018-03-02,0.0,1.0,0.0,Fri Mar 02 15:03:04 +0000 2018,@BBC
33,0.7684,2018-03-02,0.0,0.647,0.353,Fri Mar 02 14:30:11 +0000 2018,@BBC
34,0.0,2018-03-02,0.0,1.0,0.0,Fri Mar 02 14:03:04 +0000 2018,@BBC
35,-0.5095,2018-03-02,0.215,0.785,0.0,Fri Mar 02 13:00:04 +0000 2018,@BBC
36,-0.5574,2018-03-02,0.286,0.714,0.0,Fri Mar 02 12:00:05 +0000 2018,@BBC
37,0.6908,2018-03-02,0.0,0.737,0.263,Fri Mar 02 10:53:03 +0000 2018,@BBC
38,0.0,2018-03-02,0.0,1.0,0.0,Fri Mar 02 10:09:18 +0000 2018,@BBC
39,0.0,2018-03-02,0.0,1.0,0.0,Fri Mar 02 10:09:01 +0000 2018,@BBC
40,0.0,2018-03-02,0.0,1.0,0.0,Fri Mar 02 10:08:18 +0000 2018,@BBC
41,0.0,2018-03-02,0.0,1.0,0.0,Fri Mar 02 10:07:52 +0000 2018,@BBC
42,0.0,2018-03-02,0.0,1.0,0.0,Fri Mar 02 10:06:53 +0000 2018,@BBC
43,0.69,2018-03-02,0.0,0.769,0.231,Fri Mar 02 10:05:43 +0000 2018,@BBC
44,0.0,2018-03-02,0.0,1.0,0.0,Fri Mar 02 10:02:04 +0000 2018,@BBC
45,0.0,2018-03-02,0.0,1.0,0.0,Fri Mar 02 09:00:07 +0000 2018,@BBC
46,0.0,2018-03-02,0.0,1.0,0.0,Fri Mar 02 08:30:16 +0000 2018,@BBC
47,0.0,2018-03-02,0.0,1.0,0.0,Fri Mar 02 08:00:06 +0000 2018,@BBC
48,0.802,2018-03-01,0.0,0.714,0.286,Thu Mar 01 21:43:00 +0000 2018,@BBC
49,-0.3818,2018-03-01,0.126,0.874,0.0,Thu Mar 01 21:38:00 +0000 2018,@BBC
50,0.0,2018-03-01,0.0,1.0,0.0,Thu Mar 01 21:24:36 +0000 2018,@BBC
51,0.7712,2018-03-01,0.0,0.511,0.489,Thu Mar 01 21:10:00 +0000 2018,@BBC
52,0.9081,2018-03-01,0.0,0.617,0.383,Thu Mar 01 21:09:31 +0000 2018,@BBC
53,0.5859,2018-03-01,0.0,0.769,0.231,Thu Mar 01 21:08:00 +0000 2018,@BBC
54,0.2003,2018-03-01,0.087,0.796,0.117,Thu Mar 01 20:59:18 +0000 2018,@BBC
55,0.4404,2018-03-01,0.0,0.805,0.195,Thu Mar 01 20:57:46 +0000 2018,@BBC
56,0.6249,2018-03-01,0.0,0.788,0.212,Thu Mar 01 20:56:26 +0000 2018,@BBC
57,0.6249,2018-03-01,0.0,0.758,0.242,Thu Mar 01 19:31:00 +0000 2018,@BBC
58,-0.1779,2018-03-01,0.178,0.672,0.15,Thu Mar 01 19:00:09 +0000 2018,@BBC
59,0.9118,2018-03-01,0.0,0.508,0.492,Thu Mar 01 18:22:04 +0000 2018,@BBC
60,0.0,2018-03-01,0.0,1.0,0.0,Thu Mar 01 18:00:01 +0000 2018,@BBC
61,0.0,2018-03-01,0.0,1.0,0.0,Thu Mar 01 17:30:05 +0000 2018,@BBC
62,-0.852,2018-03-01,0.307,0.693,0.0,Thu Mar 01 16:30:58 +0000 2018,@BBC
63,0.0,2018-03-01,0.0,1.0,0.0,Thu Mar 01 16:30:09 +0000 2018,@BBC
64,0.5994,2018-03-01,0.0,0.813,0.187,Thu Mar 01 16:00:19 +0000 2018,@BBC
65,0.0258,2018-03-01,0.137,0.722,0.141,Thu Mar 01 15:30:14 +0000 2018,@BBC
66,0.5859,2018-03-01,0.0,0.84,0.16,Thu Mar 01 14:52:36 +0000 2018,@BBC
67,0.2023,2018-03-01,0.0,0.921,0.079,Thu Mar 01 14:46:39 +0000 2018,@BBC
68,0.0,2018-03-01,0.0,1.0,0.0,Thu Mar 01 14:33:04 +0000 2018,@BBC
69,0.4019,2018-03-01,0.0,0.876,0.124,Thu Mar 01 13:30:10 +0000 2018,@BBC
70,0.0,2018-03-01,0.0,1.0,0.0,Thu Mar 01 12:49:53 +0000 2018,@BBC
71,-0.6369,2018-03-01,0.206,0.794,0.0,Thu Mar 01 12:30:03 +0000 2018,@BBC
72,0.0,2018-03-01,0.0,1.0,0.0,Thu Mar 01 11:35:28 +0000 2018,@BBC
73,-0.128,2018-03-01,0.059,0.941,0.0,Thu Mar 01 11:33:04 +0000 2018,@BBC
74,-0.25,2018-03-01,0.087,0.913,0.0,Thu Mar 01 11:03:04 +0000 2018,@BBC
75,0.5719,2018-03-01,0.0,0.791,0.209,Thu Mar 01 10:03:00 +0000 2018,@BBC
76,0.0,2018-03-01,0.0,1.0,0.0,Thu Mar 01 10:02:56 +0000 2018,@BBC
77,-0.0772,2018-03-01,0.085,0.915,0.0,Thu Mar 01 10:02:51 +0000 2018,@BBC
78,0.0,2018-03-01,0.0,1.0,0.0,Thu Mar 01 10:02:31 +0000 2018,@BBC
79,0.0,2018-03-01,0.0,1.0,0.0,Thu Mar 01 09:00:08 +0000 2018,@BBC
80,-0.4019,2018-03-01,0.13,0.87,0.0,Thu Mar 01 08:30:10 +0000 2018,@BBC
81,-0.6249,2018-03-01,0.339,0.661,0.0,Thu Mar 01 08:00:03 +0000 2018,@BBC
82,0.3818,2018-03-01,0.0,0.88,0.12,Thu Mar 01 07:47:13 +0000 2018,@BBC
83,-0.7351,2018-02-28,0.379,0.426,0.195,Wed Feb 28 20:03:03 +0000 2018,@BBC
84,0.0,2018-02-28,0.0,1.0,0.0,Wed Feb 28 19:00:04 +0000 2018,@BBC
85,0.0,2018-02-28,0.0,1.0,0.0,Wed Feb 28 18:33:04 +0000 2018,@BBC
86,0.0,2018-02-28,0.0,1.0,0.0,Wed Feb 28 18:00:10 +0000 2018,@BBC
87,0.1007,2018-02-28,0.102,0.781,0.117,Wed Feb 28 17:43:33 +0000 2018,@BBC
88,0.5106,2018-02-28,0.0,0.845,0.155,Wed Feb 28 17:00:17 +0000 2018,@BBC
89,0.4912,2018-02-28,0.0,0.827,0.173,Wed Feb 28 16:50:43 +0000 2018,@BBC
90,0.7269,2018-02-28,0.0,0.724,0.276,Wed Feb 28 16:31:36 +0000 2018,@BBC
91,0.0,2018-02-28,0.0,1.0,0.0,Wed Feb 28 15:10:01 +0000 2018,@BBC
92,-0.4939,2018-02-28,0.219,0.781,0.0,Wed Feb 28 14:41:44 +0000 2018,@BBC
93,0.5267,2018-02-28,0.0,0.871,0.129,Wed Feb 28 13:48:26 +0000 2018,@BBC
94,0.0,2018-02-28,0.0,1.0,0.0,Wed Feb 28 13:30:06 +0000 2018,@BBC
95,0.0,2018-02-28,0.0,1.0,0.0,Wed Feb 28 12:30:04 +0000 2018,@BBC
96,0.0,2018-02-28,0.0,1.0,0.0,Wed Feb 28 10:23:28 +0000 2018,@BBC
97,-0.4019,2018-02-28,0.137,0.863,0.0,Wed Feb 28 10:17:25 +0000 2018,@BBC
98,0.765,2018-02-28,0.0,0.577,0.423,Wed Feb 28 09:00:05 +0000 2018,@BBC
99,0.5994,2018-02-28,0.0,0.782,0.218,Wed Feb 28 08:37:52 +0000 2018,@BBC
100,0.6597,2018-02-28,0.0,0.787,0.213,Wed Feb 28 08:37:43 +0000 2018,@BBC
1,0.0,2018-03-03,0.0,1.0,0.0,Sat Mar 03 20:55:20 +0000 2018,@CBS
2,0.7096,2018-03-02,0.0,0.753,0.247,Fri Mar 02 22:30:01 +0000 2018,@CBS
3,0.7096,2018-03-02,0.0,0.718,0.282,Fri Mar 02 20:30:01 +0000 2018,@CBS
4,0.4939,2018-03-02,0.0,0.849,0.151,Fri Mar 02 18:45:00 +0000 2018,@CBS
5,-0.6981,2018-03-01,0.21,0.79,0.0,Thu Mar 01 18:59:01 +0000 2018,@CBS
6,0.4547,2018-03-01,0.092,0.749,0.159,Thu Mar 01 18:12:57 +0000 2018,@CBS
7,0.8591,2018-03-01,0.0,0.462,0.538,Thu Mar 01 18:11:50 +0000 2018,@CBS
8,0.4885,2018-03-01,0.151,0.615,0.234,Thu Mar 01 18:10:50 +0000 2018,@CBS
9,0.5994,2018-03-01,0.0,0.822,0.178,Thu Mar 01 14:36:21 +0000 2018,@CBS
10,0.7717,2018-03-01,0.0,0.675,0.325,Thu Mar 01 14:29:20 +0000 2018,@CBS
11,0.6908,2018-03-01,0.0,0.725,0.275,Thu Mar 01 14:15:29 +0000 2018,@CBS
12,0.0,2018-03-01,0.0,1.0,0.0,Thu Mar 01 13:50:11 +0000 2018,@CBS
13,0.0,2018-03-01,0.0,1.0,0.0,Thu Mar 01 01:04:52 +0000 2018,@CBS
14,0.0,2018-02-28,0.0,1.0,0.0,Wed Feb 28 19:56:58 +0000 2018,@CBS
15,0.4404,2018-02-28,0.0,0.884,0.116,Wed Feb 28 19:08:30 +0000 2018,@CBS
16,0.5562,2018-02-27,0.0,0.848,0.152,Tue Feb 27 03:23:47 +0000 2018,@CBS
17,0.0,2018-02-26,0.0,1.0,0.0,Mon Feb 26 22:50:32 +0000 2018,@CBS
18,0.0,2018-02-26,0.0,1.0,0.0,Mon Feb 26 21:08:30 +0000 2018,@CBS
19,0.4482,2018-02-26,0.0,0.895,0.105,Mon Feb 26 19:53:41 +0000 2018,@CBS
20,0.784,2018-02-26,0.0,0.734,0.266,Mon Feb 26 18:32:36 +0000 2018,@CBS
21,0.9359,2018-02-26,0.0,0.571,0.429,Mon Feb 26 18:20:16 +0000 2018,@CBS
22,-0.5423,2018-02-26,0.184,0.816,0.0,Mon Feb 26 16:53:56 +0000 2018,@CBS
23,0.0,2018-02-26,0.0,1.0,0.0,Mon Feb 26 16:52:01 +0000 2018,@CBS
24,0.0,2018-02-26,0.0,1.0,0.0,Mon Feb 26 16:17:55 +0000 2018,@CBS
25,0.7644,2018-02-26,0.0,0.769,0.231,Mon Feb 26 01:12:32 +0000 2018,@CBS
26,0.0,2018-02-25,0.0,1.0,0.0,Sun Feb 25 21:51:32 +0000 2018,@CBS
27,0.0,2018-02-25,0.0,1.0,0.0,Sun Feb 25 21:51:22 +0000 2018,@CBS
28,0.5093,2018-02-23,0.0,0.845,0.155,Fri Feb 23 18:15:40 +0000 2018,@CBS
29,0.0,2018-02-22,0.0,1.0,0.0,Thu Feb 22 19:26:52 +0000 2018,@CBS
30,0.0,2018-02-21,0.0,1.0,0.0,Wed Feb 21 19:20:04 +0000 2018,@CBS
31,0.6808,2018-02-21,0.0,0.752,0.248,Wed Feb 21 18:19:25 +0000 2018,@CBS
32,0.4404,2018-02-20,0.0,0.884,0.116,Tue Feb 20 19:55:19 +0000 2018,@CBS
33,-0.4019,2018-02-20,0.119,0.881,0.0,Tue Feb 20 17:58:18 +0000 2018,@CBS
34,0.3612,2018-02-20,0.0,0.872,0.128,Tue Feb 20 17:39:51 +0000 2018,@CBS
35,0.6124,2018-02-17,0.0,0.773,0.227,Sat Feb 17 01:07:20 +0000 2018,@CBS
36,0.3182,2018-02-16,0.0,0.892,0.108,Fri Feb 16 18:42:43 +0000 2018,@CBS
37,0.68,2018-02-16,0.0,0.752,0.248,Fri Feb 16 17:48:20 +0000 2018,@CBS
38,0.8619,2018-02-14,0.0,0.534,0.466,Wed Feb 14 19:23:27 +0000 2018,@CBS
39,0.0,2018-02-13,0.0,1.0,0.0,Tue Feb 13 20:03:56 +0000 2018,@CBS
40,0.7506,2018-02-13,0.0,0.748,0.252,Tue Feb 13 18:54:52 +0000 2018,@CBS
41,0.0,2018-02-12,0.0,1.0,0.0,Mon Feb 12 18:49:45 +0000 2018,@CBS
42,0.0,2018-02-12,0.0,1.0,0.0,Mon Feb 12 01:32:33 +0000 2018,@CBS
43,0.8478,2018-02-09,0.0,0.696,0.304,Fri Feb 09 00:50:01 +0000 2018,@CBS
44,-0.5859,2018-02-08,0.186,0.814,0.0,Thu Feb 08 16:09:35 +0000 2018,@CBS
45,0.0516,2018-02-07,0.0,0.934,0.066,Wed Feb 07 18:35:19 +0000 2018,@CBS
46,0.5574,2018-02-07,0.152,0.536,0.312,Wed Feb 07 16:17:48 +0000 2018,@CBS
47,0.0,2018-02-06,0.0,1.0,0.0,Tue Feb 06 22:21:39 +0000 2018,@CBS
48,0.0772,2018-02-06,0.106,0.773,0.121,Tue Feb 06 17:05:49 +0000 2018,@CBS
49,0.0,2018-02-04,0.0,1.0,0.0,Sun Feb 04 15:35:36 +0000 2018,@CBS
50,0.1531,2018-02-04,0.0,0.882,0.118,Sun Feb 04 12:00:01 +0000 2018,@CBS
51,0.0,2018-02-03,0.0,1.0,0.0,Sat Feb 03 23:11:43 +0000 2018,@CBS
52,0.8268,2018-02-03,0.0,0.662,0.338,Sat Feb 03 12:00:07 +0000 2018,@CBS
53,-0.0772,2018-02-02,0.075,0.925,0.0,Fri Feb 02 22:36:13 +0000 2018,@CBS
54,0.4019,2018-02-02,0.0,0.856,0.144,Fri Feb 02 20:07:40 +0000 2018,@CBS
55,0.4003,2018-02-02,0.0,0.876,0.124,Fri Feb 02 19:03:33 +0000 2018,@CBS
56,0.6114,2018-02-02,0.0,0.834,0.166,Fri Feb 02 17:23:18 +0000 2018,@CBS
57,0.0,2018-02-01,0.0,1.0,0.0,Thu Feb 01 22:04:41 +0000 2018,@CBS
58,0.0,2018-02-01,0.0,1.0,0.0,Thu Feb 01 20:09:49 +0000 2018,@CBS
59,0.1139,2018-01-31,0.0,0.912,0.088,Wed Jan 31 21:42:15 +0000 2018,@CBS
60,0.1007,2018-01-31,0.115,0.75,0.135,Wed Jan 31 17:05:47 +0000 2018,@CBS
61,0.4588,2018-01-31,0.0,0.812,0.188,Wed Jan 31 16:37:17 +0000 2018,@CBS
62,0.1779,2018-01-31,0.095,0.779,0.126,Wed Jan 31 06:55:30 +0000 2018,@CBS
63,-0.2263,2018-01-31,0.252,0.569,0.179,Wed Jan 31 02:15:16 +0000 2018,@CBS
64,-0.4767,2018-01-31,0.256,0.744,0.0,Wed Jan 31 01:58:40 +0000 2018,@CBS
65,0.4939,2018-01-31,0.119,0.625,0.256,Wed Jan 31 01:52:46 +0000 2018,@CBS
66,0.5093,2018-01-31,0.0,0.81,0.19,Wed Jan 31 01:49:43 +0000 2018,@CBS
67,0.8261,2018-01-31,0.0,0.566,0.434,Wed Jan 31 01:31:27 +0000 2018,@CBS
68,0.8309,2018-01-31,0.0,0.586,0.414,Wed Jan 31 01:29:10 +0000 2018,@CBS
69,0.6588,2018-01-31,0.0,0.614,0.386,Wed Jan 31 01:24:16 +0000 2018,@CBS
70,-0.5106,2018-01-31,0.398,0.602,0.0,Wed Jan 31 01:18:37 +0000 2018,@CBS
71,0.0,2018-01-31,0.0,1.0,0.0,Wed Jan 31 01:17:37 +0000 2018,@CBS
72,0.7525,2018-01-31,0.0,0.651,0.349,Wed Jan 31 01:16:15 +0000 2018,@CBS
73,0.0,2018-01-31,0.0,1.0,0.0,Wed Jan 31 01:08:01 +0000 2018,@CBS
74,0.8516,2018-01-31,0.0,0.42,0.58,Wed Jan 31 01:04:34 +0000 2018,@CBS
75,0.8442,2018-01-31,0.0,0.649,0.351,Wed Jan 31 01:00:35 +0000 2018,@CBS
76,0.923,2018-01-31,0.0,0.594,0.406,Wed Jan 31 00:55:04 +0000 2018,@CBS
77,0.5994,2018-01-31,0.0,0.794,0.206,Wed Jan 31 00:37:20 +0000 2018,@CBS
78,0.8834,2018-01-31,0.0,0.593,0.407,Wed Jan 31 00:11:53 +0000 2018,@CBS
79,0.8553,2018-01-30,0.0,0.724,0.276,Tue Jan 30 23:35:01 +0000 2018,@CBS
80,0.8553,2018-01-30,0.0,0.694,0.306,Tue Jan 30 21:19:22 +0000 2018,@CBS
81,0.9215,2018-01-30,0.0,0.609,0.391,Tue Jan 30 18:46:04 +0000 2018,@CBS
82,0.0,2018-01-30,0.0,1.0,0.0,Tue Jan 30 16:00:02 +0000 2018,@CBS
83,0.5994,2018-01-30,0.0,0.813,0.187,Tue Jan 30 04:03:31 +0000 2018,@CBS
84,0.6908,2018-01-30,0.0,0.711,0.289,Tue Jan 30 03:17:51 +0000 2018,@CBS
85,0.0,2018-01-30,0.0,1.0,0.0,Tue Jan 30 02:12:15 +0000 2018,@CBS
86,-0.296,2018-01-30,0.115,0.885,0.0,Tue Jan 30 01:29:06 +0000 2018,@CBS
87,0.0,2018-01-30,0.0,1.0,0.0,Tue Jan 30 00:11:05 +0000 2018,@CBS
88,0.3818,2018-01-29,0.0,0.885,0.115,Mon Jan 29 22:45:21 +0000 2018,@CBS
89,0.5093,2018-01-29,0.079,0.758,0.162,Mon Jan 29 22:10:15 +0000 2018,@CBS
90,0.0,2018-01-29,0.0,1.0,0.0,Mon Jan 29 20:00:04 +0000 2018,@CBS
91,0.7783,2018-01-29,0.0,0.714,0.286,Mon Jan 29 19:00:05 +0000 2018,@CBS
92,0.9259,2018-01-29,0.0,0.558,0.442,Mon Jan 29 18:00:02 +0000 2018,@CBS
93,0.0,2018-01-29,0.0,1.0,0.0,Mon Jan 29 17:15:04 +0000 2018,@CBS
94,0.5106,2018-01-29,0.0,0.837,0.163,Mon Jan 29 16:00:05 +0000 2018,@CBS
95,0.1531,2018-01-29,0.0,0.914,0.086,Mon Jan 29 15:00:03 +0000 2018,@CBS
96,0.3182,2018-01-29,0.123,0.741,0.136,Mon Jan 29 14:00:02 +0000 2018,@CBS
97,0.6597,2018-01-29,0.0,0.707,0.293,Mon Jan 29 13:00:01 +0000 2018,@CBS
98,0.0,2018-01-29,0.0,1.0,0.0,Mon Jan 29 12:00:03 +0000 2018,@CBS
99,0.0,2018-01-29,0.0,1.0,0.0,Mon Jan 29 08:18:18 +0000 2018,@CBS
100,0.5719,2018-01-29,0.0,0.73,0.27,Mon Jan 29 07:40:26 +0000 2018,@CBS
1,0.1134,2018-03-03,0.223,0.521,0.256,Sat Mar 03 22:00:36 +0000 2018,@CNN
2,0.4019,2018-03-03,0.0,0.876,0.124,Sat Mar 03 21:45:06 +0000 2018,@CNN
3,0.0,2018-03-03,0.0,1.0,0.0,Sat Mar 03 21:30:08 +0000 2018,@CNN
4,-0.5994,2018-03-03,0.262,0.738,0.0,Sat Mar 03 21:15:07 +0000 2018,@CNN
5,0.0,2018-03-03,0.0,1.0,0.0,Sat Mar 03 21:00:15 +0000 2018,@CNN
6,0.1531,2018-03-03,0.108,0.76,0.132,Sat Mar 03 20:46:02 +0000 2018,@CNN
7,0.0,2018-03-03,0.0,1.0,0.0,Sat Mar 03 20:31:03 +0000 2018,@CNN
8,-0.6486,2018-03-03,0.177,0.823,0.0,Sat Mar 03 20:17:29 +0000 2018,@CNN
9,0.0,2018-03-03,0.0,1.0,0.0,Sat Mar 03 20:15:07 +0000 2018,@CNN
10,-0.3182,2018-03-03,0.133,0.867,0.0,Sat Mar 03 20:00:19 +0000 2018,@CNN
11,0.7876,2018-03-03,0.0,0.668,0.332,Sat Mar 03 19:45:05 +0000 2018,@CNN
12,-0.5994,2018-03-03,0.253,0.642,0.106,Sat Mar 03 19:30:12 +0000 2018,@CNN
13,-0.2732,2018-03-03,0.13,0.87,0.0,Sat Mar 03 19:15:05 +0000 2018,@CNN
14,0.0,2018-03-03,0.0,1.0,0.0,Sat Mar 03 19:00:19 +0000 2018,@CNN
15,0.4939,2018-03-03,0.109,0.659,0.233,Sat Mar 03 18:45:09 +0000 2018,@CNN
16,-0.8316,2018-03-03,0.355,0.645,0.0,Sat Mar 03 18:30:05 +0000 2018,@CNN
17,0.0,2018-03-03,0.0,1.0,0.0,Sat Mar 03 18:15:16 +0000 2018,@CNN
18,0.4019,2018-03-03,0.0,0.847,0.153,Sat Mar 03 18:00:24 +0000 2018,@CNN
19,-0.8126,2018-03-03,0.433,0.567,0.0,Sat Mar 03 17:45:07 +0000 2018,@CNN
20,-0.4767,2018-03-03,0.14,0.86,0.0,Sat Mar 03 17:41:40 +0000 2018,@CNN
21,-0.765,2018-03-03,0.306,0.694,0.0,Sat Mar 03 17:30:09 +0000 2018,@CNN
22,0.0,2018-03-03,0.0,1.0,0.0,Sat Mar 03 17:24:04 +0000 2018,@CNN
23,-0.6954,2018-03-03,0.291,0.63,0.078,Sat Mar 03 17:15:39 +0000 2018,@CNN
24,0.0,2018-03-03,0.0,1.0,0.0,Sat Mar 03 17:03:04 +0000 2018,@CNN
25,-0.8225,2018-03-03,0.336,0.664,0.0,Sat Mar 03 16:45:09 +0000 2018,@CNN
26,0.4939,2018-03-03,0.0,0.738,0.262,Sat Mar 03 16:30:15 +0000 2018,@CNN
27,0.0,2018-03-03,0.0,1.0,0.0,Sat Mar 03 16:15:03 +0000 2018,@CNN
28,0.4939,2018-03-03,0.0,0.842,0.158,Sat Mar 03 16:00:18 +0000 2018,@CNN
29,-0.34,2018-03-03,0.194,0.806,0.0,Sat Mar 03 15:45:05 +0000 2018,@CNN
30,0.0,2018-03-03,0.0,1.0,0.0,Sat Mar 03 15:32:13 +0000 2018,@CNN
31,-0.34,2018-03-03,0.156,0.844,0.0,Sat Mar 03 14:30:12 +0000 2018,@CNN
32,-0.5994,2018-03-03,0.245,0.755,0.0,Sat Mar 03 14:00:40 +0000 2018,@CNN
33,0.0,2018-03-03,0.0,1.0,0.0,Sat Mar 03 13:30:16 +0000 2018,@CNN
34,0.0,2018-03-03,0.0,1.0,0.0,Sat Mar 03 13:00:13 +0000 2018,@CNN
35,0.0,2018-03-03,0.0,1.0,0.0,Sat Mar 03 12:31:06 +0000 2018,@CNN
36,0.3612,2018-03-03,0.0,0.783,0.217,Sat Mar 03 12:00:35 +0000 2018,@CNN
37,0.3612,2018-03-03,0.0,0.762,0.238,Sat Mar 03 11:30:12 +0000 2018,@CNN
38,0.0,2018-03-03,0.0,1.0,0.0,Sat Mar 03 11:00:23 +0000 2018,@CNN
39,0.7964,2018-03-03,0.0,0.664,0.336,Sat Mar 03 10:31:06 +0000 2018,@CNN
40,0.5574,2018-03-03,0.077,0.663,0.26,Sat Mar 03 10:00:35 +0000 2018,@CNN
41,-0.7783,2018-03-03,0.264,0.736,0.0,Sat Mar 03 09:28:03 +0000 2018,@CNN
42,0.4215,2018-03-03,0.0,0.891,0.109,Sat Mar 03 09:01:18 +0000 2018,@CNN
43,-0.3818,2018-03-03,0.133,0.867,0.0,Sat Mar 03 08:31:26 +0000 2018,@CNN
44,-0.296,2018-03-03,0.109,0.891,0.0,Sat Mar 03 08:00:22 +0000 2018,@CNN
45,0.0,2018-03-03,0.0,1.0,0.0,Sat Mar 03 07:28:05 +0000 2018,@CNN
46,0.3182,2018-03-03,0.0,0.901,0.099,Sat Mar 03 07:00:31 +0000 2018,@CNN
47,0.6597,2018-03-03,0.0,0.779,0.221,Sat Mar 03 06:33:36 +0000 2018,@CNN
48,-0.296,2018-03-03,0.099,0.901,0.0,Sat Mar 03 06:19:49 +0000 2018,@CNN
49,0.0,2018-03-03,0.0,1.0,0.0,Sat Mar 03 06:00:13 +0000 2018,@CNN
50,-0.25,2018-03-03,0.216,0.568,0.216,Sat Mar 03 05:30:05 +0000 2018,@CNN
51,0.0,2018-03-03,0.0,1.0,0.0,Sat Mar 03 04:59:07 +0000 2018,@CNN
52,0.0,2018-03-03,0.0,1.0,0.0,Sat Mar 03 04:28:06 +0000 2018,@CNN
53,0.3832,2018-03-03,0.134,0.645,0.221,Sat Mar 03 04:00:22 +0000 2018,@CNN
54,-0.4404,2018-03-03,0.153,0.847,0.0,Sat Mar 03 03:29:03 +0000 2018,@CNN
55,0.0,2018-03-03,0.0,1.0,0.0,Sat Mar 03 03:00:07 +0000 2018,@CNN
56,0.4019,2018-03-03,0.0,0.787,0.213,Sat Mar 03 02:32:06 +0000 2018,@CNN
57,-0.2263,2018-03-03,0.106,0.894,0.0,Sat Mar 03 02:07:03 +0000 2018,@CNN
58,0.0,2018-03-03,0.0,1.0,0.0,Sat Mar 03 01:55:55 +0000 2018,@CNN
59,0.6826,2018-03-03,0.08,0.653,0.268,Sat Mar 03 01:44:32 +0000 2018,@CNN
60,0.0,2018-03-03,0.0,1.0,0.0,Sat Mar 03 01:32:17 +0000 2018,@CNN
61,0.0,2018-03-03,0.0,1.0,0.0,Sat Mar 03 01:21:03 +0000 2018,@CNN
62,0.2732,2018-03-03,0.0,0.826,0.174,Sat Mar 03 01:10:22 +0000 2018,@CNN
63,0.6808,2018-03-03,0.0,0.728,0.272,Sat Mar 03 00:59:35 +0000 2018,@CNN
64,-0.296,2018-03-03,0.155,0.845,0.0,Sat Mar 03 00:49:04 +0000 2018,@CNN
65,0.2263,2018-03-03,0.122,0.711,0.168,Sat Mar 03 00:38:24 +0000 2018,@CNN
66,-0.1779,2018-03-03,0.185,0.667,0.149,Sat Mar 03 00:23:55 +0000 2018,@CNN
67,0.0,2018-03-03,0.0,1.0,0.0,Sat Mar 03 00:08:58 +0000 2018,@CNN
68,0.4019,2018-03-02,0.0,0.886,0.114,Fri Mar 02 23:54:29 +0000 2018,@CNN
69,0.0,2018-03-02,0.0,1.0,0.0,Fri Mar 02 23:44:13 +0000 2018,@CNN
70,0.0,2018-03-02,0.0,1.0,0.0,Fri Mar 02 23:31:17 +0000 2018,@CNN
71,0.1027,2018-03-02,0.0,0.915,0.085,Fri Mar 02 23:18:17 +0000 2018,@CNN
72,0.0,2018-03-02,0.0,1.0,0.0,Fri Mar 02 23:04:41 +0000 2018,@CNN
73,-0.296,2018-03-02,0.109,0.891,0.0,Fri Mar 02 22:49:51 +0000 2018,@CNN
74,-0.5574,2018-03-02,0.295,0.705,0.0,Fri Mar 02 22:36:12 +0000 2018,@CNN
75,-0.2023,2018-03-02,0.197,0.684,0.12,Fri Mar 02 22:22:37 +0000 2018,@CNN
76,0.4019,2018-03-02,0.0,0.863,0.137,Fri Mar 02 22:06:46 +0000 2018,@CNN
77,0.0,2018-03-02,0.0,1.0,0.0,Fri Mar 02 21:50:36 +0000 2018,@CNN
78,-0.4767,2018-03-02,0.181,0.819,0.0,Fri Mar 02 21:35:40 +0000 2018,@CNN
79,0.0,2018-03-02,0.0,1.0,0.0,Fri Mar 02 21:28:53 +0000 2018,@CNN
80,-0.5719,2018-03-02,0.163,0.837,0.0,Fri Mar 02 21:20:39 +0000 2018,@CNN
81,-0.25,2018-03-02,0.201,0.684,0.115,Fri Mar 02 21:16:24 +0000 2018,@CNN
82,0.0,2018-03-02,0.0,1.0,0.0,Fri Mar 02 21:10:07 +0000 2018,@CNN
83,0.0,2018-03-02,0.0,1.0,0.0,Fri Mar 02 20:56:44 +0000 2018,@CNN
84,0.4404,2018-03-02,0.0,0.775,0.225,Fri Mar 02 20:50:11 +0000 2018,@CNN
85,-0.7184,2018-03-02,0.231,0.769,0.0,Fri Mar 02 20:37:34 +0000 2018,@CNN
86,-0.34,2018-03-02,0.156,0.844,0.0,Fri Mar 02 20:24:25 +0000 2018,@CNN
87,-0.5423,2018-03-02,0.218,0.691,0.091,Fri Mar 02 20:12:14 +0000 2018,@CNN
88,-0.34,2018-03-02,0.13,0.87,0.0,Fri Mar 02 19:59:32 +0000 2018,@CNN
89,-0.875,2018-03-02,0.435,0.565,0.0,Fri Mar 02 19:47:21 +0000 2018,@CNN
90,-0.5106,2018-03-02,0.163,0.837,0.0,Fri Mar 02 19:34:25 +0000 2018,@CNN
91,0.0,2018-03-02,0.0,1.0,0.0,Fri Mar 02 19:10:09 +0000 2018,@CNN
92,0.3832,2018-03-02,0.134,0.645,0.221,Fri Mar 02 19:01:05 +0000 2018,@CNN
93,-0.6597,2018-03-02,0.293,0.707,0.0,Fri Mar 02 18:50:13 +0000 2018,@CNN
94,0.0,2018-03-02,0.0,1.0,0.0,Fri Mar 02 18:41:10 +0000 2018,@CNN
95,-0.4767,2018-03-02,0.181,0.819,0.0,Fri Mar 02 18:27:36 +0000 2018,@CNN
96,0.4585,2018-03-02,0.0,0.857,0.143,Fri Mar 02 18:14:29 +0000 2018,@CNN
97,-0.25,2018-03-02,0.111,0.889,0.0,Fri Mar 02 18:10:07 +0000 2018,@CNN
98,0.4019,2018-03-02,0.0,0.886,0.114,Fri Mar 02 18:00:13 +0000 2018,@CNN
99,0.0,2018-03-02,0.0,1.0,0.0,Fri Mar 02 17:50:10 +0000 2018,@CNN
100,-0.5994,2018-03-02,0.245,0.755,0.0,Fri Mar 02 17:40:08 +0000 2018,@CNN
1,-0.3612,2018-03-03,0.252,0.611,0.137,Sat Mar 03 22:04:37 +0000 2018,@FoxNews
2,0.0,2018-03-03,0.0,1.0,0.0,Sat Mar 03 21:57:25 +0000 2018,@FoxNews
3,-0.4404,2018-03-03,0.182,0.818,0.0,Sat Mar 03 21:54:57 +0000 2018,@FoxNews
4,0.5707,2018-03-03,0.0,0.83,0.17,Sat Mar 03 21:48:00 +0000 2018,@FoxNews
5,0.0,2018-03-03,0.0,1.0,0.0,Sat Mar 03 21:39:00 +0000 2018,@FoxNews
6,-0.3103,2018-03-03,0.148,0.761,0.091,Sat Mar 03 21:35:42 +0000 2018,@FoxNews
7,0.128,2018-03-03,0.0,0.919,0.081,Sat Mar 03 21:33:41 +0000 2018,@FoxNews
8,-0.0772,2018-03-03,0.137,0.743,0.12,Sat Mar 03 21:33:08 +0000 2018,@FoxNews
9,0.4019,2018-03-03,0.0,0.87,0.13,Sat Mar 03 21:30:37 +0000 2018,@FoxNews
10,0.0,2018-03-03,0.0,1.0,0.0,Sat Mar 03 21:25:34 +0000 2018,@FoxNews
11,-0.347,2018-03-03,0.189,0.687,0.124,Sat Mar 03 21:21:00 +0000 2018,@FoxNews
12,-0.5994,2018-03-03,0.336,0.507,0.157,Sat Mar 03 21:19:36 +0000 2018,@FoxNews
13,0.4019,2018-03-03,0.0,0.828,0.172,Sat Mar 03 21:11:57 +0000 2018,@FoxNews
14,0.0,2018-03-03,0.0,1.0,0.0,Sat Mar 03 21:06:19 +0000 2018,@FoxNews
15,0.5719,2018-03-03,0.0,0.73,0.27,Sat Mar 03 21:02:27 +0000 2018,@FoxNews
16,-0.5267,2018-03-03,0.239,0.761,0.0,Sat Mar 03 21:00:36 +0000 2018,@FoxNews
17,0.0,2018-03-03,0.0,1.0,0.0,Sat Mar 03 21:00:00 +0000 2018,@FoxNews
18,0.0,2018-03-03,0.0,1.0,0.0,Sat Mar 03 20:52:19 +0000 2018,@FoxNews
19,-0.296,2018-03-03,0.121,0.879,0.0,Sat Mar 03 20:40:41 +0000 2018,@FoxNews
20,-0.5423,2018-03-03,0.259,0.741,0.0,Sat Mar 03 20:37:03 +0000 2018,@FoxNews
21,0.0,2018-03-03,0.0,1.0,0.0,Sat Mar 03 20:29:04 +0000 2018,@FoxNews
22,-0.347,2018-03-03,0.189,0.687,0.124,Sat Mar 03 20:22:00 +0000 2018,@FoxNews
23,-0.5994,2018-03-03,0.196,0.804,0.0,Sat Mar 03 20:21:54 +0000 2018,@FoxNews
24,-0.3818,2018-03-03,0.153,0.847,0.0,Sat Mar 03 20:20:16 +0000 2018,@FoxNews
25,0.0,2018-03-03,0.0,1.0,0.0,Sat Mar 03 20:18:41 +0000 2018,@FoxNews
26,-0.7003,2018-03-03,0.27,0.615,0.115,Sat Mar 03 20:18:37 +0000 2018,@FoxNews
27,-0.4215,2018-03-03,0.237,0.763,0.0,Sat Mar 03 20:18:34 +0000 2018,@FoxNews
28,-0.128,2018-03-03,0.13,0.87,0.0,Sat Mar 03 20:18:30 +0000 2018,@FoxNews
29,-0.3818,2018-03-03,0.14,0.86,0.0,Sat Mar 03 20:18:27 +0000 2018,@FoxNews
30,0.0,2018-03-03,0.0,1.0,0.0,Sat Mar 03 20:17:13 +0000 2018,@FoxNews
31,0.1531,2018-03-03,0.256,0.513,0.231,Sat Mar 03 20:12:12 +0000 2018,@FoxNews
32,0.802,2018-03-03,0.0,0.69,0.31,Sat Mar 03 20:03:06 +0000 2018,@FoxNews
33,-0.34,2018-03-03,0.103,0.897,0.0,Sat Mar 03 19:49:08 +0000 2018,@FoxNews
34,-0.1531,2018-03-03,0.103,0.819,0.078,Sat Mar 03 19:45:14 +0000 2018,@FoxNews
35,-0.7579,2018-03-03,0.351,0.649,0.0,Sat Mar 03 19:41:22 +0000 2018,@FoxNews
36,0.0,2018-03-03,0.0,1.0,0.0,Sat Mar 03 19:39:58 +0000 2018,@FoxNews
37,0.3284,2018-03-03,0.125,0.736,0.139,Sat Mar 03 19:39:46 +0000 2018,@FoxNews
38,0.0,2018-03-03,0.0,1.0,0.0,Sat Mar 03 19:30:00 +0000 2018,@FoxNews
39,0.0,2018-03-03,0.0,1.0,0.0,Sat Mar 03 19:29:22 +0000 2018,@FoxNews
40,-0.2481,2018-03-03,0.197,0.657,0.147,Sat Mar 03 19:23:55 +0000 2018,@FoxNews
41,0.0,2018-03-03,0.0,1.0,0.0,Sat Mar 03 19:15:00 +0000 2018,@FoxNews
42,-0.7579,2018-03-03,0.351,0.649,0.0,Sat Mar 03 19:06:49 +0000 2018,@FoxNews
43,0.0,2018-03-03,0.0,1.0,0.0,Sat Mar 03 18:56:04 +0000 2018,@FoxNews
44,0.0,2018-03-03,0.0,1.0,0.0,Sat Mar 03 18:56:00 +0000 2018,@FoxNews
45,0.0,2018-03-03,0.0,1.0,0.0,Sat Mar 03 18:51:05 +0000 2018,@FoxNews
46,-0.0516,2018-03-03,0.148,0.714,0.138,Sat Mar 03 18:44:22 +0000 2018,@FoxNews
47,-0.347,2018-03-03,0.189,0.687,0.124,Sat Mar 03 18:40:00 +0000 2018,@FoxNews
48,0.4215,2018-03-03,0.0,0.797,0.203,Sat Mar 03 18:38:02 +0000 2018,@FoxNews
49,-0.6249,2018-03-03,0.24,0.76,0.0,Sat Mar 03 18:36:00 +0000 2018,@FoxNews
50,-0.7845,2018-03-03,0.365,0.635,0.0,Sat Mar 03 18:35:25 +0000 2018,@FoxNews
51,-0.128,2018-03-03,0.086,0.914,0.0,Sat Mar 03 18:26:48 +0000 2018,@FoxNews
52,0.0,2018-03-03,0.0,1.0,0.0,Sat Mar 03 18:13:02 +0000 2018,@FoxNews
53,-0.4019,2018-03-03,0.252,0.748,0.0,Sat Mar 03 18:06:24 +0000 2018,@FoxNews
54,0.0,2018-03-03,0.0,1.0,0.0,Sat Mar 03 18:03:51 +0000 2018,@FoxNews
55,0.296,2018-03-03,0.0,0.855,0.145,Sat Mar 03 17:56:46 +0000 2018,@FoxNews
56,0.0,2018-03-03,0.0,1.0,0.0,Sat Mar 03 17:53:29 +0000 2018,@FoxNews
57,-0.296,2018-03-03,0.095,0.905,0.0,Sat Mar 03 17:40:10 +0000 2018,@FoxNews
58,0.0,2018-03-03,0.0,1.0,0.0,Sat Mar 03 17:37:08 +0000 2018,@FoxNews
59,0.0,2018-03-03,0.0,1.0,0.0,Sat Mar 03 17:28:51 +0000 2018,@FoxNews
60,-0.5574,2018-03-03,0.265,0.735,0.0,Sat Mar 03 17:14:48 +0000 2018,@FoxNews
61,0.0,2018-03-03,0.0,1.0,0.0,Sat Mar 03 17:12:39 +0000 2018,@FoxNews
62,-0.5574,2018-03-03,0.265,0.735,0.0,Sat Mar 03 17:10:10 +0000 2018,@FoxNews
63,-0.5574,2018-03-03,0.31,0.69,0.0,Sat Mar 03 17:05:19 +0000 2018,@FoxNews
64,-0.2023,2018-03-03,0.134,0.763,0.103,Sat Mar 03 16:56:34 +0000 2018,@FoxNews
65,0.0,2018-03-03,0.0,1.0,0.0,Sat Mar 03 16:51:32 +0000 2018,@FoxNews
66,-0.1779,2018-03-03,0.188,0.69,0.123,Sat Mar 03 16:44:37 +0000 2018,@FoxNews
67,0.7184,2018-03-03,0.0,0.667,0.333,Sat Mar 03 16:35:06 +0000 2018,@FoxNews
68,-0.296,2018-03-03,0.167,0.833,0.0,Sat Mar 03 16:29:52 +0000 2018,@FoxNews
69,0.3182,2018-03-03,0.0,0.85,0.15,Sat Mar 03 16:12:46 +0000 2018,@FoxNews
70,0.765,2018-03-03,0.0,0.678,0.322,Sat Mar 03 16:11:33 +0000 2018,@FoxNews
71,-0.3182,2018-03-03,0.196,0.699,0.105,Sat Mar 03 16:01:48 +0000 2018,@FoxNews
72,0.0,2018-03-03,0.0,1.0,0.0,Sat Mar 03 15:59:48 +0000 2018,@FoxNews
73,0.4019,2018-03-03,0.0,0.828,0.172,Sat Mar 03 15:53:00 +0000 2018,@FoxNews
74,0.0,2018-03-03,0.0,1.0,0.0,Sat Mar 03 15:50:09 +0000 2018,@FoxNews
75,-0.5267,2018-03-03,0.239,0.761,0.0,Sat Mar 03 15:43:38 +0000 2018,@FoxNews
76,0.0,2018-03-03,0.0,1.0,0.0,Sat Mar 03 15:38:35 +0000 2018,@FoxNews
77,-0.4404,2018-03-03,0.209,0.791,0.0,Sat Mar 03 15:31:08 +0000 2018,@FoxNews
78,0.3818,2018-03-03,0.0,0.822,0.178,Sat Mar 03 15:26:00 +0000 2018,@FoxNews
79,0.0,2018-03-03,0.0,1.0,0.0,Sat Mar 03 15:20:00 +0000 2018,@FoxNews
80,-0.25,2018-03-03,0.118,0.882,0.0,Sat Mar 03 15:19:51 +0000 2018,@FoxNews
81,0.7906,2018-03-03,0.07,0.484,0.446,Sat Mar 03 15:11:58 +0000 2018,@FoxNews
82,0.0,2018-03-03,0.0,1.0,0.0,Sat Mar 03 15:10:03 +0000 2018,@FoxNews
83,0.0,2018-03-03,0.0,1.0,0.0,Sat Mar 03 15:06:08 +0000 2018,@FoxNews
84,0.5106,2018-03-03,0.0,0.736,0.264,Sat Mar 03 14:58:11 +0000 2018,@FoxNews
85,-0.875,2018-03-03,0.562,0.438,0.0,Sat Mar 03 14:50:39 +0000 2018,@FoxNews
86,0.6369,2018-03-03,0.0,0.781,0.219,Sat Mar 03 14:35:09 +0000 2018,@FoxNews
87,0.5719,2018-03-03,0.0,0.73,0.27,Sat Mar 03 14:26:55 +0000 2018,@FoxNews
88,-0.7579,2018-03-03,0.394,0.606,0.0,Sat Mar 03 14:09:18 +0000 2018,@FoxNews
89,-0.2732,2018-03-03,0.255,0.559,0.186,Sat Mar 03 13:54:12 +0000 2018,@FoxNews
90,0.7003,2018-03-03,0.0,0.657,0.343,Sat Mar 03 13:32:35 +0000 2018,@FoxNews
91,0.4019,2018-03-03,0.141,0.576,0.283,Sat Mar 03 13:22:12 +0000 2018,@FoxNews
92,-0.4019,2018-03-03,0.252,0.748,0.0,Sat Mar 03 13:16:23 +0000 2018,@FoxNews
93,0.0,2018-03-03,0.0,1.0,0.0,Sat Mar 03 12:57:23 +0000 2018,@FoxNews
94,0.0,2018-03-03,0.0,1.0,0.0,Sat Mar 03 12:53:36 +0000 2018,@FoxNews
95,0.0,2018-03-03,0.0,1.0,0.0,Sat Mar 03 12:46:48 +0000 2018,@FoxNews
96,0.34,2018-03-03,0.0,0.893,0.107,Sat Mar 03 12:38:36 +0000 2018,@FoxNews
97,-0.3103,2018-03-03,0.148,0.761,0.091,Sat Mar 03 12:37:13 +0000 2018,@FoxNews
98,-0.6597,2018-03-03,0.253,0.747,0.0,Sat Mar 03 12:33:00 +0000 2018,@FoxNews
99,0.296,2018-03-03,0.141,0.647,0.212,Sat Mar 03 12:11:59 +0000 2018,@FoxNews
100,0.0,2018-03-03,0.0,1.0,0.0,Sat Mar 03 11:58:31 +0000 2018,@FoxNews
1,0.4404,2018-03-03,0.0,0.884,0.116,Sat Mar 03 21:58:02 +0000 2018,@nytimes
2,-0.0516,2018-03-03,0.099,0.811,0.09,Sat Mar 03 21:47:03 +0000 2018,@nytimes
3,0.0,2018-03-03,0.0,1.0,0.0,Sat Mar 03 21:33:32 +0000 2018,@nytimes
4,0.0,2018-03-03,0.0,1.0,0.0,Sat Mar 03 21:18:33 +0000 2018,@nytimes
5,0.0772,2018-03-03,0.0,0.902,0.098,Sat Mar 03 21:03:50 +0000 2018,@nytimes
6,0.0,2018-03-03,0.0,1.0,0.0,Sat Mar 03 20:47:07 +0000 2018,@nytimes
7,0.0,2018-03-03,0.0,1.0,0.0,Sat Mar 03 20:32:03 +0000 2018,@nytimes
8,-0.5574,2018-03-03,0.153,0.847,0.0,Sat Mar 03 20:17:06 +0000 2018,@nytimes
9,0.1621,2018-03-03,0.127,0.716,0.157,Sat Mar 03 20:02:03 +0000 2018,@nytimes
10,-0.1027,2018-03-03,0.072,0.928,0.0,Sat Mar 03 19:47:04 +0000 2018,@nytimes
11,0.4215,2018-03-03,0.0,0.887,0.113,Sat Mar 03 19:32:08 +0000 2018,@nytimes
12,0.0,2018-03-03,0.102,0.796,0.102,Sat Mar 03 19:17:07 +0000 2018,@nytimes
13,0.3612,2018-03-03,0.0,0.857,0.143,Sat Mar 03 19:02:06 +0000 2018,@nytimes
14,-0.3612,2018-03-03,0.217,0.783,0.0,Sat Mar 03 18:47:01 +0000 2018,@nytimes
15,-0.0258,2018-03-03,0.111,0.741,0.148,Sat Mar 03 18:32:06 +0000 2018,@nytimes
16,0.0,2018-03-03,0.0,1.0,0.0,Sat Mar 03 18:17:04 +0000 2018,@nytimes
17,0.0258,2018-03-03,0.098,0.8,0.102,Sat Mar 03 18:02:14 +0000 2018,@nytimes
18,-0.5574,2018-03-03,0.195,0.805,0.0,Sat Mar 03 17:49:25 +0000 2018,@nytimes
19,0.765,2018-03-03,0.08,0.362,0.558,Sat Mar 03 17:32:07 +0000 2018,@nytimes
20,-0.34,2018-03-03,0.123,0.818,0.059,Sat Mar 03 17:17:09 +0000 2018,@nytimes
21,0.4019,2018-03-03,0.0,0.87,0.13,Sat Mar 03 17:02:08 +0000 2018,@nytimes
22,0.0,2018-03-03,0.0,1.0,0.0,Sat Mar 03 16:47:01 +0000 2018,@nytimes
23,-0.7841,2018-03-03,0.288,0.712,0.0,Sat Mar 03 16:32:03 +0000 2018,@nytimes
24,0.0,2018-03-03,0.0,1.0,0.0,Sat Mar 03 16:17:03 +0000 2018,@nytimes
25,0.0,2018-03-03,0.0,1.0,0.0,Sat Mar 03 16:02:03 +0000 2018,@nytimes
26,0.6369,2018-03-03,0.0,0.802,0.198,Sat Mar 03 15:47:00 +0000 2018,@nytimes
27,0.4215,2018-03-03,0.0,0.872,0.128,Sat Mar 03 15:32:07 +0000 2018,@nytimes
28,-0.1027,2018-03-03,0.3,0.444,0.256,Sat Mar 03 15:17:17 +0000 2018,@nytimes
29,0.0,2018-03-03,0.0,1.0,0.0,Sat Mar 03 15:02:06 +0000 2018,@nytimes
30,0.5719,2018-03-03,0.0,0.85,0.15,Sat Mar 03 14:40:05 +0000 2018,@nytimes
31,-0.34,2018-03-03,0.124,0.876,0.0,Sat Mar 03 14:21:01 +0000 2018,@nytimes
32,0.2263,2018-03-03,0.101,0.759,0.139,Sat Mar 03 14:12:22 +0000 2018,@nytimes
33,-0.8519,2018-03-03,0.538,0.462,0.0,Sat Mar 03 14:02:52 +0000 2018,@nytimes
34,0.2567,2018-03-03,0.184,0.541,0.275,Sat Mar 03 14:02:04 +0000 2018,@nytimes
35,0.0,2018-03-03,0.0,1.0,0.0,Sat Mar 03 14:00:05 +0000 2018,@nytimes
36,-0.34,2018-03-03,0.107,0.893,0.0,Sat Mar 03 13:41:08 +0000 2018,@nytimes
37,0.0,2018-03-03,0.0,1.0,0.0,Sat Mar 03 13:38:16 +0000 2018,@nytimes
38,0.0,2018-03-03,0.0,1.0,0.0,Sat Mar 03 13:21:03 +0000 2018,@nytimes
39,-0.7096,2018-03-03,0.424,0.576,0.0,Sat Mar 03 13:17:39 +0000 2018,@nytimes
40,0.0,2018-03-03,0.0,1.0,0.0,Sat Mar 03 13:14:28 +0000 2018,@nytimes
41,0.0,2018-03-03,0.0,1.0,0.0,Sat Mar 03 13:02:06 +0000 2018,@nytimes
42,0.296,2018-03-03,0.0,0.891,0.109,Sat Mar 03 12:41:02 +0000 2018,@nytimes
43,0.0,2018-03-03,0.0,1.0,0.0,Sat Mar 03 12:21:02 +0000 2018,@nytimes
44,-0.4541,2018-03-03,0.153,0.847,0.0,Sat Mar 03 12:02:07 +0000 2018,@nytimes
45,0.0,2018-03-03,0.0,1.0,0.0,Sat Mar 03 11:46:18 +0000 2018,@nytimes
46,-0.4019,2018-03-03,0.184,0.816,0.0,Sat Mar 03 11:28:58 +0000 2018,@nytimes
47,0.3818,2018-03-03,0.0,0.755,0.245,Sat Mar 03 11:25:56 +0000 2018,@nytimes
48,0.5994,2018-03-03,0.0,0.505,0.495,Sat Mar 03 11:22:53 +0000 2018,@nytimes
49,0.5994,2018-03-03,0.0,0.719,0.281,Sat Mar 03 11:19:39 +0000 2018,@nytimes
50,-0.8225,2018-03-03,0.336,0.664,0.0,Sat Mar 03 11:03:06 +0000 2018,@nytimes
51,0.9183,2018-03-03,0.0,0.581,0.419,Sat Mar 03 10:36:20 +0000 2018,@nytimes
52,0.5106,2018-03-03,0.0,0.845,0.155,Sat Mar 03 10:19:53 +0000 2018,@nytimes
53,0.0,2018-03-03,0.0,1.0,0.0,Sat Mar 03 10:03:05 +0000 2018,@nytimes
54,0.0772,2018-03-03,0.0,0.885,0.115,Sat Mar 03 09:46:29 +0000 2018,@nytimes
55,0.0,2018-03-03,0.0,1.0,0.0,Sat Mar 03 09:46:05 +0000 2018,@nytimes
56,0.0,2018-03-03,0.0,1.0,0.0,Sat Mar 03 09:25:00 +0000 2018,@nytimes
57,0.6486,2018-03-03,0.0,0.773,0.227,Sat Mar 03 09:08:42 +0000 2018,@nytimes
58,0.0,2018-03-03,0.0,1.0,0.0,Sat Mar 03 08:52:19 +0000 2018,@nytimes
59,-0.3182,2018-03-03,0.113,0.887,0.0,Sat Mar 03 08:36:01 +0000 2018,@nytimes
60,0.0258,2018-03-03,0.0,0.909,0.091,Sat Mar 03 08:07:00 +0000 2018,@nytimes
61,0.0,2018-03-03,0.0,1.0,0.0,Sat Mar 03 07:49:12 +0000 2018,@nytimes
62,-0.3818,2018-03-03,0.126,0.874,0.0,Sat Mar 03 07:47:02 +0000 2018,@nytimes
63,-0.296,2018-03-03,0.121,0.879,0.0,Sat Mar 03 07:15:29 +0000 2018,@nytimes
64,0.5106,2018-03-03,0.0,0.845,0.155,Sat Mar 03 06:59:02 +0000 2018,@nytimes
65,0.0,2018-03-03,0.0,1.0,0.0,Sat Mar 03 06:42:03 +0000 2018,@nytimes
66,0.25,2018-03-03,0.0,0.895,0.105,Sat Mar 03 06:23:39 +0000 2018,@nytimes
67,0.7096,2018-03-03,0.0,0.688,0.312,Sat Mar 03 06:07:01 +0000 2018,@nytimes
68,0.5994,2018-03-03,0.0,0.719,0.281,Sat Mar 03 05:50:16 +0000 2018,@nytimes
69,-0.296,2018-03-03,0.095,0.905,0.0,Sat Mar 03 05:32:02 +0000 2018,@nytimes
70,-0.4215,2018-03-03,0.223,0.707,0.071,Sat Mar 03 05:17:03 +0000 2018,@nytimes
71,-0.5106,2018-03-03,0.142,0.858,0.0,Sat Mar 03 05:02:02 +0000 2018,@nytimes
72,-0.4215,2018-03-03,0.135,0.865,0.0,Sat Mar 03 04:47:03 +0000 2018,@nytimes
73,0.2732,2018-03-03,0.0,0.884,0.116,Sat Mar 03 04:37:01 +0000 2018,@nytimes
74,0.4215,2018-03-03,0.0,0.851,0.149,Sat Mar 03 04:26:03 +0000 2018,@nytimes
75,0.0,2018-03-03,0.0,1.0,0.0,Sat Mar 03 04:17:03 +0000 2018,@nytimes
76,0.296,2018-03-03,0.167,0.556,0.278,Sat Mar 03 04:02:04 +0000 2018,@nytimes
77,0.0,2018-03-03,0.0,1.0,0.0,Sat Mar 03 03:47:02 +0000 2018,@nytimes
78,-0.3612,2018-03-03,0.152,0.848,0.0,Sat Mar 03 03:32:03 +0000 2018,@nytimes
79,0.0,2018-03-03,0.0,1.0,0.0,Sat Mar 03 03:17:02 +0000 2018,@nytimes
80,0.4404,2018-03-03,0.0,0.861,0.139,Sat Mar 03 03:02:04 +0000 2018,@nytimes
81,-0.5574,2018-03-03,0.175,0.825,0.0,Sat Mar 03 02:47:01 +0000 2018,@nytimes
82,0.0,2018-03-03,0.0,1.0,0.0,Sat Mar 03 02:32:07 +0000 2018,@nytimes
83,0.0,2018-03-03,0.0,1.0,0.0,Sat Mar 03 02:18:03 +0000 2018,@nytimes
84,0.0,2018-03-03,0.0,1.0,0.0,Sat Mar 03 02:02:09 +0000 2018,@nytimes
85,0.0,2018-03-03,0.0,1.0,0.0,Sat Mar 03 01:47:06 +0000 2018,@nytimes
86,-0.34,2018-03-03,0.107,0.893,0.0,Sat Mar 03 01:32:01 +0000 2018,@nytimes
87,-0.216,2018-03-03,0.113,0.81,0.077,Sat Mar 03 01:17:05 +0000 2018,@nytimes
88,0.0,2018-03-03,0.0,1.0,0.0,Sat Mar 03 01:02:02 +0000 2018,@nytimes
89,0.5859,2018-03-03,0.0,0.787,0.213,Sat Mar 03 00:47:08 +0000 2018,@nytimes
90,-0.34,2018-03-03,0.124,0.876,0.0,Sat Mar 03 00:32:05 +0000 2018,@nytimes
91,-0.5423,2018-03-03,0.231,0.677,0.092,Sat Mar 03 00:17:05 +0000 2018,@nytimes
92,0.0,2018-03-03,0.0,1.0,0.0,Sat Mar 03 00:02:02 +0000 2018,@nytimes
93,0.0,2018-03-02,0.0,1.0,0.0,Fri Mar 02 23:47:04 +0000 2018,@nytimes
94,-0.2263,2018-03-02,0.245,0.542,0.213,Fri Mar 02 23:32:03 +0000 2018,@nytimes
95,-0.5574,2018-03-02,0.231,0.769,0.0,Fri Mar 02 23:17:43 +0000 2018,@nytimes
96,-0.1779,2018-03-02,0.185,0.667,0.149,Fri Mar 02 23:17:04 +0000 2018,@nytimes
97,-0.4541,2018-03-02,0.153,0.847,0.0,Fri Mar 02 23:02:04 +0000 2018,@nytimes
98,0.6705,2018-03-02,0.0,0.732,0.268,Fri Mar 02 22:47:02 +0000 2018,@nytimes
99,-0.3818,2018-03-02,0.098,0.902,0.0,Fri Mar 02 22:32:06 +0000 2018,@nytimes
100,0.7096,2018-03-02,0.0,0.688,0.312,Fri Mar 02 22:17:06 +0000 2018,@nytimes
